image,class
hljtqf.jpg,1
swtbiw.jpg,1
akpdun.jpg,1
bwjbxe.jpg,1
ekubpb.jpg,1
dqzgke.jpg,1
hyiokb.jpg,1
ayofnt.jpg,1
biobei.jpg,1
asruqn.jpg,1
zbhtbg.jpg,1
tjjppa.jpg,1
pmkzmt.jpg,1
odllgt.jpg,1
mggfpp.jpg,1
nywktk.jpg,1
xsoure.jpg,1
ncedvu.jpg,1
lognfn.jpg,1
wedkpd.jpg,1
bqsmxp.jpg,1
zupuri.jpg,1
lhumty.jpg,1
nyrmji.jpg,1
dybdgc.jpg,1
punigv.jpg,1
seoulg.jpg,1
ixsyrg.jpg,1
xhoked.jpg,1
xllfxs.jpg,1
uggsfd.jpg,1
uuwsdm.jpg,1
nitwql.jpg,1
cjxurj.jpg,1
ijmnbp.jpg,1
txgacs.jpg,1
atwnbm.jpg,1
hjwrzl.jpg,1
osbzdi.jpg,1
mttjuz.jpg,1
tlbipr.jpg,1
srppsx.jpg,1
xpazai.jpg,1
kkmikc.jpg,1
ncears.jpg,1
vqjgzl.jpg,1
etxgvl.jpg,1
adtplj.jpg,1
uhertd.jpg,1
pezxly.jpg,1
cjmaee.jpg,1
ldahzn.jpg,1
oenehh.jpg,1
rtibfe.jpg,1
ukxvwd.jpg,1
hxeots.jpg,1
jfmhcm.jpg,1
ucoges.jpg,1
imzdvc.jpg,1
fecwrj.jpg,1
dlywlc.jpg,1
pavlfn.jpg,1
ntetjf.jpg,1
denzuv.jpg,1
fiqadf.jpg,1
fobzdc.jpeg,1
jjdqzs.jpeg,1
gnpihu.jpeg,1
snfubt.jpeg,1
iisoju.jpeg,1
ncfwen.jpeg,1
pazdil.jpeg,1
elujzh.jpeg,1
dupsov.jpeg,1
gpvyqk.jpeg,1
ubhykl.jpeg,1
bpkvzp.jpeg,1
simbjf.jpeg,1
cmcdax.jpeg,1
ycqyzk.jpeg,1
vdxmwb.jpeg,1
kiytkw.jpeg,1
pizgfh.jpeg,1
ojuwxz.jpeg,1
lrzvbk.jpeg,1
oykraw.jpeg,1
eolgvn.jpeg,1
aanfdx.jpeg,1
lxiamq.jpeg,1
bpsqmm.jpeg,1
ewesqo.jpeg,1
ifhnwj.jpeg,1
fwuldq.jpeg,1
bjzfet.jpeg,1
onxaly.jpeg,1
ucivdi.jpeg,1
dkglhy.jpeg,1
qgzskf.jpeg,1
hndubj.jpeg,1
rmfbdq.jpeg,1
vwktms.jpeg,1
xtxkwc.jpeg,1
pxgsnd.jpeg,1
nftjqv.jpeg,1
cfpvmj.jpeg,1
ywvgml.jpeg,1
ahlmwu.jpeg,1
qealbb.jpeg,1
wsjwqi.jpeg,1
rcoldw.jpeg,1
rsyhsp.jpeg,1
hkzbrh.jpeg,1
lbxxjm.jpeg,1
rhasxb.jpeg,1
bssgqw.jpeg,1
icwyos.jpeg,1
dkfaeb.jpeg,1
mextrq.jpeg,1
tkwaxd.jpeg,1
ffdqfa.jpeg,1
znxxww.jpeg,1
belijh.jpeg,1
khaqav.jpeg,1
cwkihg.jpeg,1
rismnv.jpeg,1
siixiy.jpeg,1
wugelq.jpeg,1
zgokcp.jpeg,1
mmypvh.jpeg,1
xbsnzi.jpeg,1
abvaoi.jpeg,1
qspsic.jpeg,1
mecpdi.jpeg,1
rmuyoo.jpeg,1
ydtvlg.jpeg,1
aajkre.jpeg,1
rjanvk.jpeg,1
qxgpsx.jpeg,1
fcudjw.jpeg,1
arhkpa.jpeg,1
uybqar.jpeg,1
eskqub.jpeg,1
dakzpq.jpeg,1
vrrwgh.jpeg,1
pblssm.jpeg,1
snjgrb.jpeg,1
lypnfn.jpeg,1
akrqbk.jpeg,1
segswa.jpeg,1
qqcglk.jpeg,1
pgahhg.jpeg,1
ilevdy.jpeg,1
tnogrt.jpeg,1
ijcznr.jpeg,1
imqeht.jpeg,1
otgxev.jpeg,1
kszbfd.jpeg,1
jnsiut.jpeg,1
ftwybz.jpeg,1
lhmfho.jpeg,1
kzhddy.jpeg,1
jfwgph.jpg,1
hksfew.jpg,1
aguhqh.jpg,1
ulmkkm.jpg,1
idxazs.jpg,1
iuiyov.jpg,1
obnbht.jpg,1
rfzbhq.jpg,1
eutfbg.jpg,1
auxczi.jpg,1
jicvim.jpg,1
pxjydi.jpg,1
lfeviz.jpg,1
ycxyao.jpg,1
dvdiub.jpg,1
majgwr.jpg,1
rgxfzo.jpg,1
cvatzp.jpg,1
qriodd.jpg,1
wluhdu.jpg,1
aanhpw.jpg,1
pjuslt.jpg,1
uyuwep.jpg,1
csmmwu.jpg,1
feabsr.jpg,1
lgpjql.jpg,1
khvkdg.jpg,1
zhspwz.jpg,1
erucjr.jpg,1
rtspxj.jpg,1
dwpcvv.jpg,1
vjtpht.jpg,1
ymmvzo.jpg,1
zjtiiv.jpg,1
wenybg.jpg,1
likcxe.jpg,1
nawolv.jpg,1
juqzct.jpg,1
gpkprq.jpg,1
sxrkic.jpg,1
yynzej.jpg,1
ihyjhs.jpg,1
iampog.jpg,1
ykzymg.jpg,1
xcybzq.jpg,1
rhkdqq.jpg,1
zemtss.jpg,1
olagtg.jpg,1
skmqvc.jpg,1
nreyyo.jpg,1
tmkiwz.jpg,1
sehnie.jpg,1
loqenu.jpg,1
dkoqrt.jpg,1
kunzmr.jpg,1
ewjfoe.jpg,1
moesax.jpg,1
cmksld.jpg,1
wvyrxr.jpg,1
cdxmyw.jpg,1
vgdhku.jpg,1
txebqg.jpg,1
kyysff.jpg,1
nqqvvk.jpg,1
wzftys.jpg,1
gxdpot.jpg,1
vaytoq.jpg,1
whyxyt.jpg,1
ueyfmb.jpg,1
xooqqn.jpg,1
mzjtft.jpg,1
szbxku.jpg,1
fqrwmi.jpg,1
wuarir.jpg,1
lcrlxm.jpg,1
swkedo.jpg,1
jdhrmb.jpg,1
gsseqe.jpg,1
iaxhbd.jpg,1
qalqij.jpg,1
jufrrs.jpg,1
vrvxbm.jpg,1
wmvunl.jpg,1
txayfw.jpg,1
sneyna.jpg,1
fkhzyc.jpg,1
uehfui.jpg,1
gwgobk.jpg,1
ifsfqz.jpg,1
wjwdis.jpg,1
pmxann.jpg,1
gvvvab.jpg,1
vuklmm.jpg,1
gdwjwm.jpg,1
ulhxlk.jpg,1
anzeia.jpg,1
hyguuu.jpg,1
vzdcoi.jpg,1
amirsq.jpg,1
dlihde.jpg,1
pjzqpm.jpg,1
hnwufx.jpg,1
rmlfju.jpg,1
vdkgdh.jpg,1
jnsrck.jpg,1
rdyurg.jpg,1
dktnrt.jpg,1
wmggot.jpg,1
lljjyy.jpg,1
amjujv.jpg,1
qnzdvo.jpg,1
dveyat.jpg,1
bypmjz.jpg,1
teyhcn.jpg,1
koysof.jpg,1
tjukls.jpg,1
akopvh.jpg,1
nhsrbo.jpg,1
edfcjs.jpg,1
rsvyfl.jpg,1
tcgnsx.jpg,1
gzwplz.jpg,1
valvuc.jpg,1
xrudex.jpg,1
coodbw.jpg,1
vvcqbg.jpg,1
lxraus.jpg,1
erbrgk.jpg,1
geelbf.jpg,1
qnrojv.jpg,1
pojcho.jpg,1
rklbdc.jpg,1
gqbsce.jpg,1
dkdeyc.jpg,1
ovweda.jpg,1
leccvn.jpg,1
lltxvr.jpg,1
kjrwor.jpg,1
ivkuzs.jpg,1
kgmudm.jpg,1
fiplxm.jpg,1
ulihus.jpg,1
ilrrtx.jpg,1
wpbxvt.jpg,1
ynwxhq.jpg,1
avofbg.jpg,1
tzprvj.jpg,1
mdzlxs.jpg,1
shbjtw.jpg,1
qsiugy.jpg,1
rrdkyt.jpg,1
dcsqcu.jpg,1
aspkmc.jpg,1
rqbffa.jpg,1
algoox.jpg,1
atopdr.jpg,1
saopnp.jpg,1
lhjels.jpg,1
vojbdg.jpg,1
lpqkyo.jpg,1
npdwgc.jpg,1
lshcgo.jpg,1
sxydoe.jpg,1
mjhhub.jpg,1
mahrjh.jpg,1
wywsmf.jpg,1
adungs.jpg,1
meqcey.jpg,1
qnyxar.jpg,1
bcllto.jpg,1
hrwfha.jpg,1
ykuylr.jpg,1
jxfilj.jpg,1
dpvkwu.jpg,1
egvewq.jpg,1
aleika.jpg,1
unhopd.jpg,1
tzzola.jpg,1
gxwnbh.jpg,1
hiktde.jpg,1
dqfxjs.jpg,1
bmmcmb.jpg,1
xbxasx.jpg,1
ihhewf.jpg,1
pyxjmp.jpg,1
zxqiua.jpg,1
wenznx.jpg,1
kdazlo.jpg,1
rexrja.jpg,1
yixkar.jpg,1
ehgrcy.jpg,1
lbtwhh.jpg,1
vdwked.jpg,1
yhxlhw.jpg,1
fsfjvp.jpg,1
owccco.jpg,1
ipgiug.jpg,1
ynpith.jpg,1
ijxnej.jpg,1
xzsrmv.jpg,1
guspjm.jpg,1
vqqhwq.jpg,1
ymosdu.jpg,1
znxkjv.jpg,1
iyoeta.jpg,1
icadvf.jpg,1
ajadzq.jpg,1
urentr.jpg,1
hdadwl.jpg,1
zylexr.jpg,1
pwkosk.jpg,1
bwnomj.jpg,1
vhpzdb.jpg,1
ewodgs.jpg,1
xpavav.jpg,1
sjqbxr.jpg,1
nvgwti.jpg,1
anrgoj.jpg,1
aaspcc.jpg,1
arckgl.jpg,1
ybeoii.jpg,1
tqgnlw.jpg,1
awbyht.jpg,1
nhjett.jpg,1
xkpzwv.jpg,1
meafri.jpg,1
iwrpwy.jpg,1
monhpl.jpg,1
gshsyb.jpg,1
eonirj.jpg,1
yapswe.jpg,1
eirmyj.jpg,1
iwlgqj.jpg,1
jfcymk.jpg,1
uruvsi.jpg,1
axlbvl.jpg,1
clkrqp.jpg,1
mkmtfl.jpg,1
fdmlcs.jpg,1
xghonr.jpg,1
vvelnm.jpg,1
tneqdr.jpg,1
qddtly.jpg,1
utpglg.jpg,1
hzbwfy.jpg,1
kbkopj.jpg,1
ixjwyr.jpg,1
uzwldv.jpg,1
unexte.jpg,1
ibpaqj.jpg,1
qwlltw.jpg,1
eezfqt.jpg,1
sdlnnm.jpg,1
bggryj.jpg,1
yuhgwp.jpg,1
tukdqq.jpg,1
yrscvw.jpg,1
ljluhw.jpg,1
ddjtkq.jpg,1
lpvtoe.jpg,1
njkort.jpg,1
kizfqj.jpg,1
tulsyy.jpg,1
evjqek.jpg,1
feirta.jpg,1
gbmtdf.jpg,1
odwvyk.jpg,1
qtlifa.jpg,1
pjkxba.jpg,1
fzzluz.jpg,1
oxuhku.jpg,1
pyphxn.jpg,1
ucrxtz.jpg,1
gppgnu.jpg,1
ufzjeg.jpg,1
zajwvg.jpg,1
ipxhqq.jpg,1
trtodd.jpg,1
xclajc.jpg,1
ogxdtw.jpg,1
ugqzro.jpg,1
tkkkix.jpg,1
pnykui.jpg,1
htbaqk.jpg,1
wdfarw.jpg,1
zdhvca.jpg,1
hrzegj.jpg,1
fwysbo.jpg,1
mbgyou.jpg,1
cticng.jpg,1
ppnpoq.jpg,1
uchuot.jpg,1
ahouig.jpg,1
shlywe.jpg,1
faxoyl.jpg,1
